{"names": ["Aerosol", "Aluminium blister pack", "Aluminium foil", "Battery", "Broken glass", "Carded blister pack", "Cigarette", "Clear plastic bottle", "Corrugated carton", "Crisp packet", "Disposable food container", "Disposable plastic cup", "Drink can", "Drink carton", "Egg carton", "Foam cup", "Foam food container", "Food Can", "Food waste", "Garbage bag", "Glass bottle", "Glass cup", "Glass jar", "Magazine paper", "Meal carton", "Metal bottle cap", "Metal lid", "Normal paper", "Other carton", "Other plastic bottle", "Other plastic container", "Other plastic cup", "Other plastic wrapper", "Other plastic", "Paper bag", "Paper cup", "Paper straw", "Pizza box", "Plastic bottle cap", "Plastic film", "Plastic glooves", "Plastic lid", "Plastic straw", "Plastic utensils", "Polypropylene bag", "Pop tab", "Rope - strings", "Scrap metal", "Shoe", "Single-use carrier bag", "Six pack rings", "Spread tub", "Squeezable tube", "Styrofoam piece", "Tissues", "Toilet tube", "Tupperware", "Unlabeled litter", "Wrapping paper"], "yaml": {"nc": 59, "depth_multiple": 0.33, "width_multiple": 0.25, "backbone": [[-1, 1, "Conv", [64, 3, 2]], [-1, 1, "Conv", [128, 3, 2]], [-1, 3, "C2f", [128, true]], [-1, 1, "Conv", [256, 3, 2]], [-1, 6, "C2f", [256, true]], [-1, 1, "Conv", [512, 3, 2]], [-1, 6, "C2f", [512, true]], [-1, 1, "Conv", [1024, 3, 2]], [-1, 3, "C2f", [1024, true]], [-1, 1, "SPPF", [1024, 5]]], "head": [[-1, 1, "nn.Upsample", ["None", 2, "nearest"]], [[-1, 6], 1, "Concat", [1]], [-1, 3, "C2f", [512]], [-1, 1, "nn.Upsample", ["None", 2, "nearest"]], [[-1, 4], 1, "Concat", [1]], [-1, 3, "C2f", [256]], [-1, 1, "Conv", [256, 3, 2]], [[-1, 12], 1, "Concat", [1]], [-1, 3, "C2f", [512]], [-1, 1, "Conv", [512, 3, 2]], [[-1, 9], 1, "Concat", [1]], [-1, 3, "C2f", [1024]], [[15, 18, 21], 1, "Detect", ["nc"]]], "ch": 3}, "nc": 59, "args": {"model": "yolov8n.pt", "batch": 16, "imgsz": 576}, "ultralytics_version": "8.0.90", "model_type": "yolov8"}